{"stats":{"minecraft:mined":{"minecraft:sand":1},"minecraft:killed_by":{"minecraft:zombie":2},"minecraft:picked_up":{"minecraft:sand":1},"minecraft:custom":{"minecraft:jump":29,"minecraft:time_since_rest":554,"minecraft:damage_taken":500,"minecraft:play_time":1750,"minecraft:leave_game":2,"minecraft:sprint_one_cm":3547,"minecraft:walk_one_cm":1927,"minecraft:time_since_death":192,"minecraft:deaths":2,"minecraft:total_world_time":1750,"minecraft:fall_one_cm":1370,"minecraft:fly_one_cm":7504}},"DataVersion":3955}