{"stats":{"minecraft:mined":{"minecraft:short_grass":2,"minecraft:oak_log":6,"minecraft:crafting_table":1},"minecraft:crafted":{"minecraft:oak_planks":24,"minecraft:crafting_table":1,"minecraft:stick":4,"minecraft:wooden_pickaxe":1},"minecraft:used":{"minecraft:crafting_table":1,"minecraft:wooden_pickaxe":10},"minecraft:picked_up":{"minecraft:crafting_table":1,"minecraft:rotten_flesh":2,"minecraft:oak_log":6},"minecraft:killed":{"minecraft:zombie":1},"minecraft:custom":{"minecraft:time_since_rest":4182,"minecraft:play_time":4182,"minecraft:sprint_one_cm":13010,"minecraft:damage_taken":145,"minecraft:walk_one_cm":3614,"minecraft:walk_under_water_one_cm":157,"minecraft:mob_kills":1,"minecraft:jump":82,"minecraft:damage_dealt":198,"minecraft:leave_game":1,"minecraft:time_since_death":4182,"minecraft:walk_on_water_one_cm":370,"minecraft:total_world_time":4182,"minecraft:fall_one_cm":1376,"minecraft:swim_one_cm":1058,"minecraft:interact_with_crafting_table":3,"minecraft:fly_one_cm":19180}},"DataVersion":3955}