{"minecraft:recipes/transportation/mangrove_boat":{"criteria":{"in_water":"2024-10-12 00:11:09 +0000"},"done":true},"minecraft:recipes/decorations/crafting_table":{"criteria":{"unlock_right_away":"2024-10-12 00:11:00 +0000"},"done":true},"minecraft:recipes/transportation/acacia_boat":{"criteria":{"in_water":"2024-10-12 00:11:09 +0000"},"done":true},"minecraft:recipes/transportation/cherry_boat":{"criteria":{"in_water":"2024-10-12 00:11:09 +0000"},"done":true},"minecraft:adventure/adventuring_time":{"criteria":{"minecraft:beach":"2024-10-12 00:11:01 +0000","minecraft:plains":"2024-10-12 00:11:05 +0000"},"done":false},"minecraft:recipes/transportation/bamboo_raft":{"criteria":{"in_water":"2024-10-12 00:11:09 +0000"},"done":true},"minecraft:recipes/transportation/spruce_boat":{"criteria":{"in_water":"2024-10-12 00:11:09 +0000"},"done":true},"minecraft:recipes/transportation/birch_boat":{"criteria":{"in_water":"2024-10-12 00:11:09 +0000"},"done":true},"minecraft:recipes/transportation/oak_boat":{"criteria":{"in_water":"2024-10-12 00:11:09 +0000"},"done":true},"minecraft:recipes/transportation/jungle_boat":{"criteria":{"in_water":"2024-10-12 00:11:09 +0000"},"done":true},"minecraft:recipes/transportation/dark_oak_boat":{"criteria":{"in_water":"2024-10-12 00:11:09 +0000"},"done":true},"DataVersion":3955}